{
  "thresholds": {
    "P95": 8.253087711334228,
    "P99": 11.470032691955566,
    "time_sec": 147.98933729995042
  },
  "extreme": {
    "val": {
      "P95": {
        "n_tail": 9597731,
        "rmse_tail": 2.3997713445581965,
        "mae_tail": 1.82900615863376,
        "TP": 6237810,
        "FP": 2199682,
        "FN": 3359921,
        "TN": 150313602,
        "recall": 0.6499254875970164,
        "precision": 0.739296700962798,
        "csi": 0.5287438864774845,
        "far": 0.2607032990372021
      },
      "P99": {
        "n_tail": 2567712,
        "rmse_tail": 3.0068316854420583,
        "mae_tail": 2.219827251263121,
        "TP": 1496175,
        "FP": 633041,
        "FN": 1071537,
        "TN": 158910262,
        "recall": 0.5826880117396344,
        "precision": 0.7026882195136613,
        "csi": 0.46744469192093235,
        "far": 0.2973117804863386
      },
      "17ms": {
        "n_tail": 160269,
        "rmse_tail": 6.553562100834863,
        "mae_tail": 5.782834245179913,
        "TP": 5585,
        "FP": 8244,
        "FN": 154684,
        "TN": 161942502,
        "recall": 0.034847662367644396,
        "precision": 0.4038614505748789,
        "csi": 0.03314284357883368,
        "far": 0.5961385494251211
      },
      "time_sec": 142.34358320001047
    },
    "test": {
      "P95": {
        "n_tail": 20025980,
        "rmse_tail": 2.42279215282689,
        "mae_tail": 1.8912837866677592,
        "TP": 12323097,
        "FP": 4375352,
        "FN": 7702883,
        "TN": 298610093,
        "recall": 0.6153555032013415,
        "precision": 0.7379785392044494,
        "csi": 0.5050173900342817,
        "far": 0.26202146079555055
      },
      "P99": {
        "n_tail": 4777571,
        "rmse_tail": 3.0162109645065103,
        "mae_tail": 2.283823137402649,
        "TP": 2436856,
        "FP": 1313323,
        "FN": 2340715,
        "TN": 316920531,
        "recall": 0.5100617029030023,
        "precision": 0.6497972496779487,
        "csi": 0.40008182706840734,
        "far": 0.3502027503220513
      },
      "17ms": {
        "n_tail": 179133,
        "rmse_tail": 6.788859987481667,
        "mae_tail": 5.954073517432731,
        "TP": 12729,
        "FP": 18036,
        "FN": 166404,
        "TN": 322814256,
        "recall": 0.07105893386478203,
        "precision": 0.4137493905411994,
        "csi": 0.06455883024207659,
        "far": 0.5862506094588006
      },
      "time_sec": 278.0175651999889
    }
  },
  "total_time_sec": 570.0789536000229
}