{
  "thresholds": {
    "P95_raw": 8.26921010017395,
    "P99_raw": 11.498842592239388,
    "time_sec": 137.35841169999912
  },
  "extreme": {
    "val": {
      "P95": {
        "n_tail": 9541360,
        "rmse_tail": 2.6154639444051853,
        "mae_tail": 1.988416597827118,
        "TP": 7044687,
        "FP": 4404088,
        "FN": 2496673,
        "TN": 148165567,
        "recall": 0.7383315376424325,
        "precision": 0.6153223379793908,
        "csi": 0.505160321848391,
        "far": 0.3846776620206092
      },
      "P99": {
        "n_tail": 2534252,
        "rmse_tail": 3.1191905365854886,
        "mae_tail": 2.393350452346445,
        "TP": 1471605,
        "FP": 1482279,
        "FN": 1062647,
        "TN": 158094484,
        "recall": 0.5806861353961642,
        "precision": 0.49819322627428836,
        "csi": 0.36638706386182507,
        "far": 0.5018067737257116
      },
      "17ms": {
        "n_tail": 160269,
        "rmse_tail": 4.222423641554252,
        "mae_tail": 3.3425723964633396,
        "TP": 83036,
        "FP": 96174,
        "FN": 77233,
        "TN": 161854572,
        "recall": 0.51810393775465,
        "precision": 0.4633446794263713,
        "csi": 0.32379905086120503,
        "far": 0.5366553205736287
      },
      "time_sec": 140.2992689999519
    },
    "test": {
      "P95": {
        "n_tail": 19901912,
        "rmse_tail": 2.7605076973235017,
        "mae_tail": 2.0840318046599227,
        "TP": 13794585,
        "FP": 8298330,
        "FN": 6107327,
        "TN": 294811183,
        "recall": 0.6931286300532331,
        "precision": 0.6243895384561069,
        "csi": 0.48916548304798235,
        "far": 0.37561046154389316
      },
      "P99": {
        "n_tail": 4706131,
        "rmse_tail": 3.2863557790087796,
        "mae_tail": 2.4892503575646487,
        "TP": 2423478,
        "FP": 2853103,
        "FN": 2282653,
        "TN": 315452191,
        "recall": 0.514961865702421,
        "precision": 0.45928945277254346,
        "csi": 0.32059835692346605,
        "far": 0.5407105472274566
      },
      "17ms": {
        "n_tail": 179133,
        "rmse_tail": 4.695045785430162,
        "mae_tail": 3.5892638271501918,
        "TP": 88626,
        "FP": 144277,
        "FN": 90507,
        "TN": 322688015,
        "recall": 0.49474971110850596,
        "precision": 0.3805275157468989,
        "csi": 0.27403605330694786,
        "far": 0.6194724842531011
      },
      "time_sec": 275.98569670005236
    }
  },
  "total_time_sec": 553.9497704000678
}