{
  "thresholds": {
    "P95": 8.244987392425536,
    "P99": 11.48946268081665,
    "time_sec": 151.98614489997271
  },
  "extreme": {
    "val": {
      "P95": {
        "n_tail": 9626288,
        "rmse_tail": 2.1190222442330118,
        "mae_tail": 1.6180494146418867,
        "TP": 6710953,
        "FP": 2485650,
        "FN": 2915335,
        "TN": 149999077,
        "recall": 0.6971485789745746,
        "precision": 0.7297208545372678,
        "csi": 0.5540775555489138,
        "far": 0.2702791454627323
      },
      "P99": {
        "n_tail": 2544948,
        "rmse_tail": 2.604587080403951,
        "mae_tail": 1.916011569327544,
        "TP": 1635391,
        "FP": 716833,
        "FN": 909557,
        "TN": 158849234,
        "recall": 0.6426029136941108,
        "precision": 0.6952530881412654,
        "csi": 0.5013797676790686,
        "far": 0.30474691185873454
      },
      "17ms": {
        "n_tail": 160269,
        "rmse_tail": 5.362019059171101,
        "mae_tail": 4.472182074923008,
        "TP": 25491,
        "FP": 18647,
        "FN": 134778,
        "TN": 161932099,
        "recall": 0.1590513449263426,
        "precision": 0.5775295663600526,
        "csi": 0.1424746808558206,
        "far": 0.42247043363994746
      },
      "time_sec": 162.48125420010183
    },
    "test": {
      "P95": {
        "n_tail": 20089244,
        "rmse_tail": 2.2084377043684147,
        "mae_tail": 1.7217147773211259,
        "TP": 13062258,
        "FP": 4683899,
        "FN": 7026986,
        "TN": 298238282,
        "recall": 0.6502115261281112,
        "precision": 0.7360612215929342,
        "csi": 0.5272749606297432,
        "far": 0.2639387784070658
      },
      "P99": {
        "n_tail": 4729282,
        "rmse_tail": 2.751294217637085,
        "mae_tail": 2.0796277359517257,
        "TP": 2644742,
        "FP": 1416113,
        "FN": 2084540,
        "TN": 316866030,
        "recall": 0.559226960879051,
        "precision": 0.651277132525047,
        "csi": 0.4303615959592508,
        "far": 0.34872286747495296
      },
      "17ms": {
        "n_tail": 179133,
        "rmse_tail": 5.915089967608038,
        "mae_tail": 4.968702253058329,
        "TP": 31855,
        "FP": 38007,
        "FN": 147278,
        "TN": 322794285,
        "recall": 0.17782876410265,
        "precision": 0.45597034153044574,
        "csi": 0.1467025881919499,
        "far": 0.5440296584695543
      },
      "time_sec": 292.9817654999206
    }
  },
  "total_time_sec": 609.2087472999701
}