{
  "thresholds": {
    "P95": 8.23419828414917,
    "P99": 11.478226652145448,
    "time_sec": 149.49598479999986
  },
  "extreme": {
    "val": {
      "P95": {
        "n_tail": 9665239,
        "rmse_tail": 2.060430489501921,
        "mae_tail": 1.4652089328035354,
        "TP": 6898454,
        "FP": 1213561,
        "FN": 2766785,
        "TN": 151232215,
        "recall": 0.7137385842191797,
        "precision": 0.8503995616378914,
        "csi": 0.6341190204802,
        "far": 0.14960043836210854
      },
      "P99": {
        "n_tail": 2557930,
        "rmse_tail": 2.56952444068478,
        "mae_tail": 1.8098672877323925,
        "TP": 1597715,
        "FP": 335299,
        "FN": 960215,
        "TN": 159217786,
        "recall": 0.6246124796221945,
        "precision": 0.8265408320891623,
        "csi": 0.5522255583640285,
        "far": 0.17345916791083768
      },
      "time_sec": 516.8937297000002
    },
    "test": {
      "P95": {
        "n_tail": 20172738,
        "rmse_tail": 2.1314933898597754,
        "mae_tail": 1.5293190792312408,
        "TP": 13702308,
        "FP": 2719836,
        "FN": 6470430,
        "TN": 300118851,
        "recall": 0.6792487960731954,
        "precision": 0.8343799689005285,
        "csi": 0.5985481580184037,
        "far": 0.16562003109947154
      },
      "P99": {
        "n_tail": 4757100,
        "rmse_tail": 2.640716326050171,
        "mae_tail": 1.8576240551290533,
        "TP": 2661600,
        "FP": 691821,
        "FN": 2095500,
        "TN": 317562504,
        "recall": 0.5595005360408652,
        "precision": 0.7936969441057357,
        "csi": 0.48846367932293383,
        "far": 0.2063030558942644
      },
      "time_sec": 976.0025206
    }
  },
  "total_time_sec": 1642.5231478000005
}