{
  "P95": 8.23419828414917,
  "P99": 11.478226652145448,
  "time_sec": 149.49598479999986
}