{
  "thresholds_raw": {
    "P95": 8.260829448699951,
    "P99": 11.448851823806766,
    "time_sec": 137.52634989999933
  },
  "extreme": {
    "val": {
      "P95": {
        "n_tail": 9570215,
        "rmse_tail": 2.256186891626167,
        "mae_tail": 1.7205347121618022,
        "TP": 6472710,
        "FP": 2168709,
        "FN": 3097505,
        "TN": 150372091,
        "recall": 0.6763390373152536,
        "precision": 0.7490332316949334,
        "csi": 0.551388696272333,
        "far": 0.2509667683050666
      },
      "P99": {
        "n_tail": 2592258,
        "rmse_tail": 2.710043215136667,
        "mae_tail": 2.0000142828272187,
        "TP": 1652437,
        "FP": 718536,
        "FN": 939821,
        "TN": 158800221,
        "recall": 0.6374508247250081,
        "precision": 0.6969446720818837,
        "csi": 0.49910595464411256,
        "far": 0.3030553279181163
      },
      "17ms": {
        "n_tail": 160269,
        "rmse_tail": 5.466760507174372,
        "mae_tail": 4.577243848256942,
        "TP": 23683,
        "FP": 22265,
        "FN": 136586,
        "TN": 161928481,
        "recall": 0.14777031116435493,
        "precision": 0.515430486637068,
        "csi": 0.1297456912136917,
        "far": 0.484569513362932
      },
      "time_sec": 136.52725919999648
    },
    "test": {
      "P95": {
        "n_tail": 19966362,
        "rmse_tail": 2.3283098094698,
        "mae_tail": 1.8108022520773002,
        "TP": 12735268,
        "FP": 4173455,
        "FN": 7231094,
        "TN": 298871608,
        "recall": 0.6378361766655337,
        "precision": 0.7531773984351154,
        "csi": 0.5275627400158005,
        "far": 0.2468226015648846
      },
      "P99": {
        "n_tail": 4830988,
        "rmse_tail": 2.789491630429164,
        "mae_tail": 2.1052100790077826,
        "TP": 2708439,
        "FP": 1455391,
        "FN": 2122549,
        "TN": 316725046,
        "recall": 0.5606387347681261,
        "precision": 0.6504681987497088,
        "csi": 0.43084246113700747,
        "far": 0.3495318012502912
      },
      "17ms": {
        "n_tail": 179133,
        "rmse_tail": 5.938994087100765,
        "mae_tail": 4.9918262956437,
        "TP": 31082,
        "FP": 41730,
        "FN": 148051,
        "TN": 322790562,
        "recall": 0.17351353463627583,
        "precision": 0.4268801845849585,
        "csi": 0.14072977366059503,
        "far": 0.5731198154150414
      },
      "time_sec": 266.61195880000014
    }
  },
  "total_time_sec": 542.5448127000127
}